step,phi_max,twist_energy_max,soliton_energy,twist_energy,gravity_energy,discarded_energy,alpha_pwari,emitted_energy_cumulative,Lz
0,0.99972,6.90257e-02,8.71615e+01,3.37192e+00,1.86225e+01,1.22646e-03,0.03868586,0.00000e+00,-1.75427e-04
100,0.14982,1.57845e-03,3.96509e+02,1.33901e+00,4.25082e+01,1.07964e-02,0.00337700,1.49749e+00,2.93107e-05
200,0.08154,2.01826e-03,1.65107e+02,1.00883e+00,1.84540e+01,8.17343e-03,0.00611014,3.22380e+00,-2.90438e-05
300,0.15314,1.64281e-03,2.40328e+02,5.37244e-01,1.07715e+01,4.33861e-03,0.00223546,4.93906e+00,-1.78043e-05
400,0.15867,1.74632e-03,7.80216e+01,1.78338e+00,5.48061e+00,1.48087e-02,0.02285752,6.64499e+00,-7.03191e-05
500,0.14766,1.51413e-03,2.90043e+02,3.63865e-01,3.72699e+00,3.00297e-03,0.00125452,8.33929e+00,-4.25545e-05
600,0.16591,1.89913e-03,1.76221e+02,2.15314e+00,4.07378e+00,1.77835e-02,0.01221840,1.00280e+01,7.75572e-06
700,0.22670,3.55444e-03,2.30163e+02,2.37441e+00,4.25913e+00,1.91711e-02,0.01031622,1.17034e+01,5.03965e-05
800,0.56535,2.20300e-02,1.58554e+02,2.53165e+00,5.48646e+00,2.04962e-02,0.01596712,1.33683e+01,2.73505e-05
900,0.20673,3.02305e-03,3.08972e+02,1.80221e-01,1.07476e+01,1.52064e-03,0.00058329,1.50035e+01,1.23351e-05
1000,0.05886,1.04986e-02,9.49528e+01,9.60738e-01,1.14503e+01,7.85222e-03,0.01011806,1.66462e+01,-1.32876e-05
1100,0.34994,8.41465e-03,1.42068e+02,6.56762e-01,2.38361e+01,5.36855e-03,0.00462287,1.82862e+01,1.58251e-05
1200,0.18092,2.29046e-03,1.30142e+02,1.01664e+00,9.24923e+00,8.57689e-03,0.00781175,1.99222e+01,2.94596e-06
1300,0.14031,1.36799e-03,1.75908e+02,9.54986e-01,4.06571e+00,7.82396e-03,0.00542891,2.15549e+01,1.72066e-05
1400,0.19309,2.61194e-03,1.05807e+02,1.50798e+00,2.65363e+00,1.51479e-02,0.01425213,2.31839e+01,-2.17370e-05
1500,0.23292,3.74274e-03,1.53013e+02,1.14744e+00,2.40589e+00,1.00593e-02,0.00749898,2.48082e+01,9.14044e-06
1600,0.31364,6.90123e-03,1.72298e+02,8.33710e-01,2.11759e+00,7.34034e-03,0.00483876,2.64265e+01,5.99448e-06
1700,0.17829,2.23361e-03,1.36030e+02,3.87704e-01,2.28378e+00,4.50017e-03,0.00285013,2.80351e+01,9.96737e-06
1800,0.08109,4.24416e-03,9.33756e+01,5.26595e-01,2.21929e+00,4.72127e-03,0.00563954,2.96357e+01,5.23989e-06
1900,0.34166,7.89567e-03,1.76214e+02,6.81224e-01,4.98701e+00,6.15275e-03,0.00386589,3.12270e+01,1.96811e-05
2000,0.46017,1.48023e-02,1.27507e+02,1.37441e+00,7.43608e+00,1.17228e-02,0.01077909,3.28135e+01,4.17220e-05
2100,0.16770,3.00646e-03,1.01065e+02,1.01188e+00,6.40486e+00,8.67993e-03,0.01001221,3.43883e+01,2.60583e-05
2200,0.25967,4.61888e-03,1.29147e+02,6.93338e-01,5.81487e+00,7.97635e-03,0.00536860,3.59701e+01,-3.35878e-05
2300,0.26380,4.85279e-03,1.40373e+02,5.53093e-01,4.03981e+00,5.87119e-03,0.00394016,3.75471e+01,1.88102e-05
2400,0.15439,1.64738e-03,9.60790e+01,6.46503e-01,2.26912e+00,9.39916e-03,0.00672887,3.91192e+01,-2.99504e-06
2500,0.21285,3.12948e-03,1.21972e+02,4.32685e-01,1.95207e+00,6.38266e-03,0.00354742,4.06835e+01,-6.57154e-06
2600,0.09560,6.30522e-04,1.43857e+02,5.45525e-01,1.83977e+00,8.13265e-03,0.00379214,4.22448e+01,2.78284e-05
2700,0.22150,3.39341e-03,1.13859e+02,1.16248e+00,1.89625e+00,1.25523e-02,0.01020988,4.38005e+01,2.60021e-05
2800,0.43684,1.33456e-02,1.12366e+02,1.34413e+00,2.69668e+00,1.39574e-02,0.01196212,4.53496e+01,-3.80706e-07
2900,0.25580,4.58007e-03,1.46845e+02,5.86638e-01,3.35559e+00,5.94426e-03,0.00399495,4.68950e+01,4.38237e-06
3000,0.10736,2.28615e-03,1.03101e+02,4.08186e-01,3.09008e+00,5.32594e-03,0.00395908,4.84341e+01,1.97054e-05
3100,0.36697,9.33226e-03,9.12665e+01,5.88020e-01,4.90023e+00,7.10432e-03,0.00644289,4.99699e+01,2.17990e-05
3200,0.27812,5.38657e-03,1.26180e+02,4.82812e-01,4.04152e+00,6.31685e-03,0.00382637,5.14987e+01,1.43887e-06
3300,0.19382,2.59414e-03,1.16242e+02,5.36531e-01,2.88616e+00,7.51380e-03,0.00461565,5.30241e+01,1.18048e-06
3400,0.27614,5.30699e-03,8.99970e+01,9.39474e-01,2.65625e+00,2.00337e-02,0.01043895,5.45479e+01,4.50626e-05
3500,0.18117,2.26802e-03,1.18609e+02,9.90630e-01,2.07137e+00,1.32936e-02,0.00835210,5.60685e+01,5.00344e-06
3600,0.38526,1.03437e-02,1.25021e+02,7.91761e-01,2.11238e+00,1.22555e-02,0.00633300,5.75850e+01,1.11709e-05
3700,0.30555,6.46813e-03,8.41670e+01,5.39141e-01,2.02606e+00,1.52675e-02,0.00640560,5.90973e+01,2.96921e-05
3800,0.08340,7.51229e-04,9.67761e+01,2.92452e-01,1.71068e+00,6.99462e-03,0.00302194,6.06067e+01,1.44930e-05
3900,0.30826,6.53408e-03,1.22286e+02,4.29278e-01,1.90638e+00,5.99802e-03,0.00351044,6.21107e+01,4.32324e-06
4000,0.36837,9.55958e-03,9.89937e+01,8.12798e-01,2.58999e+00,1.15417e-02,0.00821060,6.36107e+01,1.39751e-05
4100,0.24817,4.29138e-03,9.18748e+01,8.93802e-01,2.36920e+00,1.26893e-02,0.00972848,6.51032e+01,1.74993e-05
4200,0.32804,7.36279e-03,1.20930e+02,7.51899e-01,2.71030e+00,1.57658e-02,0.00621764,6.65960e+01,1.38422e-05
4300,0.32495,7.31660e-03,1.06453e+02,7.09934e-01,3.28007e+00,1.46488e-02,0.00666897,6.80866e+01,-3.09368e-06
4400,0.17434,2.07356e-03,8.35591e+01,5.16969e-01,2.36718e+00,1.37877e-02,0.00618687,6.95726e+01,2.70842e-05
4500,0.18566,2.36784e-03,9.40067e+01,3.49468e-01,1.80569e+00,1.36259e-02,0.00371748,7.10545e+01,1.47085e-05
4600,0.17135,2.03189e-03,1.05082e+02,3.29522e-01,1.49701e+00,1.38787e-02,0.00313586,7.25336e+01,1.28362e-06
4700,0.30051,6.20656e-03,8.90046e+01,7.19098e-01,1.40939e+00,1.46547e-02,0.00807934,7.40071e+01,1.20169e-05
4800,0.29647,6.09236e-03,1.05118e+02,9.99791e-01,1.73682e+00,2.20411e-02,0.00951115,7.54770e+01,1.46664e-05
4900,0.37164,9.58061e-03,1.09104e+02,8.76639e-01,1.91177e+00,2.07353e-02,0.00803492,7.69448e+01,-7.76366e-06
5000,0.10554,7.64996e-04,1.01090e+02,4.87703e-01,1.63125e+00,1.31107e-02,0.00482446,7.84084e+01,-8.96066e-07
5100,0.32426,7.17660e-03,8.91560e+01,4.55718e-01,1.66384e+00,2.06365e-02,0.00511147,7.98674e+01,1.21847e-05
5200,0.29947,6.22123e-03,1.00245e+02,3.88101e-01,2.02273e+00,1.44068e-02,0.00387152,8.13232e+01,5.18166e-06
5300,0.11558,9.33115e-04,8.94480e+01,4.22375e-01,1.77081e+00,1.62368e-02,0.00472201,8.27750e+01,7.35004e-06
5400,0.25719,4.57104e-03,9.15935e+01,6.14326e-01,1.92687e+00,2.69847e-02,0.00670709,8.42226e+01,2.23080e-05
5500,0.21727,3.25078e-03,8.81473e+01,9.14813e-01,1.61806e+00,3.12762e-02,0.01037824,8.56682e+01,9.89898e-06
5600,0.35096,8.58133e-03,9.99924e+01,8.37677e-01,1.47185e+00,1.47070e-02,0.00837741,8.71097e+01,1.40018e-07
5700,0.30508,6.41215e-03,8.76718e+01,6.21978e-01,1.53196e+00,2.43942e-02,0.00709440,8.85476e+01,-4.17568e-06
5800,0.26191,4.78219e-03,8.76047e+01,3.12209e-01,1.53516e+00,1.98681e-02,0.00356383,8.99814e+01,6.45481e-06
5900,0.15916,1.73444e-03,8.19797e+01,3.52878e-01,1.43347e+00,1.57193e-02,0.00430446,9.14123e+01,2.72087e-06
6000,0.38917,1.05293e-02,8.83188e+01,4.98298e-01,1.84589e+00,1.95694e-02,0.00564204,9.28382e+01,5.14711e-07
6100,0.31061,6.66772e-03,8.22919e+01,7.12133e-01,1.88778e+00,1.86474e-02,0.00865375,9.42599e+01,-8.62389e-07
6200,0.18006,2.20986e-03,9.75425e+01,7.37272e-01,1.86574e+00,2.87606e-02,0.00755847,9.56784e+01,7.16464e-06
6300,0.37066,9.64448e-03,9.52847e+01,7.30526e-01,2.22859e+00,4.07007e-02,0.00766677,9.70946e+01,-2.73573e-06
6400,0.26583,4.89153e-03,9.54639e+01,4.87068e-01,1.76730e+00,2.38662e-02,0.00510212,9.85068e+01,1.25824e-06
6500,0.17084,2.00848e-03,8.12590e+01,3.80818e-01,1.27766e+00,2.74667e-02,0.00468647,9.99144e+01,5.02544e-06
6600,0.19086,2.51206e-03,8.90441e+01,2.84381e-01,1.14550e+00,1.92155e-02,0.00319371,1.01319e+02,-1.65757e-06
6700,0.16684,1.92819e-03,7.91676e+01,4.62193e-01,1.19457e+00,2.26441e-02,0.00583815,1.02719e+02,-3.00983e-06
6800,0.27027,5.05449e-03,8.19339e+01,7.19586e-01,1.30571e+00,2.35739e-02,0.00878252,1.04115e+02,2.28356e-06
6900,0.38114,9.99997e-03,8.34832e+01,8.43720e-01,1.86047e+00,3.57440e-02,0.01010647,1.05508e+02,-2.70344e-06
7000,0.28883,5.80921e-03,8.23764e+01,5.96983e-01,1.95594e+00,2.73331e-02,0.00724702,1.06896e+02,3.12079e-07
7100,0.26465,4.79255e-03,7.86256e+01,4.57150e-01,1.80371e+00,2.53896e-02,0.00581427,1.08281e+02,-4.49729e-08
7200,0.19294,2.55578e-03,9.01731e+01,3.22701e-01,1.70438e+00,2.93060e-02,0.00357868,1.09664e+02,-8.92148e-07
7300,0.22290,3.44927e-03,7.52839e+01,3.43046e-01,1.27226e+00,2.48979e-02,0.00455669,1.11041e+02,-3.96211e-07
7400,0.32501,7.27517e-03,7.66788e+01,4.35636e-01,1.22193e+00,3.85722e-02,0.00568131,1.12415e+02,-3.43530e-06
7500,0.22091,3.35670e-03,7.98567e+01,6.72053e-01,1.14086e+00,4.94141e-02,0.00841573,1.13786e+02,2.54103e-06
7600,0.24728,4.21810e-03,8.37043e+01,7.43920e-01,1.10734e+00,2.99459e-02,0.00888748,1.15153e+02,6.90311e-08
7700,0.24947,4.29236e-03,6.69132e+01,6.91726e-01,1.10675e+00,4.42343e-02,0.01033765,1.16515e+02,-1.05177e-06
7800,0.28961,5.81443e-03,7.39169e+01,4.24158e-01,1.20984e+00,2.46910e-02,0.00573831,1.17875e+02,-6.02157e-07
7900,0.29002,5.79186e-03,7.68756e+01,2.93381e-01,1.41878e+00,2.91363e-02,0.00381630,1.19231e+02,1.02154e-07
8000,0.27108,5.09515e-03,6.42420e+01,3.66777e-01,1.45481e+00,3.54726e-02,0.00570931,1.20582e+02,2.06231e-06
8100,0.27030,5.07355e-03,6.58929e+01,4.95353e-01,1.63891e+00,3.44046e-02,0.00751755,1.21930e+02,2.78183e-06
8200,0.19251,2.57511e-03,8.76155e+01,5.60580e-01,1.34248e+00,3.79287e-02,0.00639819,1.23273e+02,2.06843e-06
8300,0.36236,9.01020e-03,7.40594e+01,7.10378e-01,1.33013e+00,4.66052e-02,0.00959201,1.24613e+02,1.24821e-06
8400,0.17574,2.12636e-03,7.30102e+01,5.85183e-01,1.14933e+00,6.31088e-02,0.00801509,1.25950e+02,-1.21020e-06
8500,0.24608,4.18027e-03,8.26378e+01,4.03917e-01,9.05202e-01,4.08210e-02,0.00488780,1.27284e+02,1.15564e-07
8600,0.25228,4.39709e-03,8.05238e+01,3.00074e-01,8.87736e-01,3.75623e-02,0.00372652,1.28614e+02,-9.75529e-07
8700,0.16503,1.88064e-03,6.66774e+01,3.52925e-01,8.42500e-01,4.93563e-02,0.00529302,1.29939e+02,2.10061e-07
8800,0.33117,7.51858e-03,7.37758e+01,4.61612e-01,9.50433e-01,3.68146e-02,0.00625695,1.31261e+02,2.11376e-06
8900,0.21919,3.34099e-03,7.77403e+01,6.08723e-01,1.08072e+00,7.74398e-02,0.00783021,1.32579e+02,-8.11492e-07
9000,0.23765,3.89563e-03,6.49822e+01,6.74321e-01,1.04935e+00,5.76757e-02,0.01037701,1.33894e+02,6.03078e-07
9100,0.25488,4.43586e-03,6.41976e+01,5.53890e-01,1.16410e+00,5.31977e-02,0.00862790,1.35205e+02,4.06285e-06
9200,0.15749,1.72378e-03,7.79445e+01,3.82987e-01,1.16612e+00,4.66536e-02,0.00491359,1.36512e+02,1.17708e-06
9300,0.25791,4.55190e-03,6.76978e+01,3.30002e-01,1.09392e+00,3.80484e-02,0.00487464,1.37816e+02,-4.53457e-07
9400,0.14359,1.39998e-03,6.36056e+01,3.38927e-01,8.66050e-01,7.30683e-02,0.00532856,1.39117e+02,-1.98717e-07
9500,0.31101,6.75348e-03,7.90311e+01,4.47918e-01,8.93007e-01,5.87650e-02,0.00566761,1.40413e+02,3.61143e-07
9600,0.15556,1.63543e-03,7.21905e+01,5.99688e-01,8.63784e-01,6.89881e-02,0.00830702,1.41706e+02,3.50839e-06
9700,0.24268,4.00922e-03,6.69018e+01,6.40587e-01,8.90574e-01,7.77882e-02,0.00957503,1.42995e+02,-5.37167e-07
9800,0.21581,3.18916e-03,7.53016e+01,5.14478e-01,1.08639e+00,6.62805e-02,0.00683224,1.44281e+02,2.50238e-06
9900,0.17277,2.03056e-03,7.15481e+01,3.75859e-01,1.19062e+00,9.20086e-02,0.00525324,1.45563e+02,1.00939e-06
10000,0.25031,4.31872e-03,6.11135e+01,3.34158e-01,1.18953e+00,4.75381e-02,0.00546783,1.46842e+02,1.49285e-07
10100,0.16841,1.92306e-03,6.32515e+01,3.14552e-01,1.08366e+00,4.91342e-02,0.00497304,1.48116e+02,2.20068e-06
10200,0.25372,4.39178e-03,6.51645e+01,4.55592e-01,1.16740e+00,4.77031e-02,0.00699141,1.49387e+02,7.96794e-07
10300,0.27376,5.12917e-03,6.47974e+01,5.95067e-01,1.15521e+00,7.11593e-02,0.00918349,1.50654e+02,8.44495e-07
10400,0.23381,3.71671e-03,6.71939e+01,5.79226e-01,1.13235e+00,8.79358e-02,0.00862022,1.51918e+02,-1.37610e-06
10500,0.24191,3.97550e-03,6.99274e+01,4.66601e-01,9.23629e-01,7.09053e-02,0.00667264,1.53178e+02,1.04620e-07
10600,0.20690,2.90064e-03,6.10646e+01,4.02562e-01,7.33433e-01,7.64005e-02,0.00659239,1.54436e+02,1.38527e-06
10700,0.18707,2.38355e-03,7.14126e+01,3.05701e-01,6.77949e-01,6.86238e-02,0.00428077,1.55689e+02,3.67151e-07
10800,0.16433,1.80236e-03,7.47501e+01,3.13849e-01,6.45173e-01,8.33226e-02,0.00419864,1.56939e+02,7.15347e-07
10900,0.31468,6.75974e-03,6.13449e+01,4.49472e-01,6.78160e-01,1.10640e-01,0.00732697,1.58185e+02,1.95622e-06
11000,0.19655,2.60326e-03,6.87401e+01,5.69801e-01,7.58647e-01,7.72248e-02,0.00828921,1.59428e+02,2.37831e-08
11100,0.26752,4.89831e-03,7.54606e+01,5.49136e-01,8.18191e-01,7.36213e-02,0.00727712,1.60668e+02,-4.15014e-08
11200,0.22703,3.49967e-03,5.29508e+01,5.01220e-01,8.38051e-01,8.82362e-02,0.00946577,1.61904e+02,3.39932e-06
11300,0.24560,4.05681e-03,6.16627e+01,3.53513e-01,9.28927e-01,9.18560e-02,0.00573302,1.63137e+02,-2.10261e-07
11400,0.30983,6.53089e-03,7.09194e+01,2.84347e-01,1.12901e+00,4.94288e-02,0.00400943,1.64366e+02,2.75214e-07
11500,0.21915,3.24487e-03,5.65722e+01,3.62068e-01,9.68533e-01,6.89390e-02,0.00640011,1.65592e+02,4.81882e-07
11600,0.21800,3.21606e-03,5.43035e+01,4.87596e-01,8.51001e-01,1.07454e-01,0.00897909,1.66813e+02,4.67457e-07
11700,0.15452,1.61947e-03,7.47174e+01,4.77779e-01,7.49217e-01,1.00806e-01,0.00639448,1.68032e+02,1.04562e-06
11800,0.27583,5.16128e-03,6.63170e+01,5.35875e-01,6.97335e-01,1.06792e-01,0.00808050,1.69248e+02,6.43513e-08
11900,0.26042,4.58230e-03,5.35805e+01,5.15013e-01,6.80467e-01,1.16375e-01,0.00961194,1.70460e+02,1.43167e-06
12000,0.20167,2.72091e-03,6.40120e+01,3.51805e-01,7.01431e-01,1.00952e-01,0.00549592,1.71668e+02,2.20040e-07
12100,0.22324,3.35026e-03,6.44131e+01,2.62207e-01,6.93185e-01,7.37113e-02,0.00407071,1.72874e+02,-6.91688e-07
12200,0.18182,2.23369e-03,4.19412e+01,3.85372e-01,7.40376e-01,9.11194e-02,0.00918838,1.74075e+02,5.41454e-07
12300,0.29323,5.73792e-03,6.09454e+01,4.63951e-01,9.16933e-01,8.45398e-02,0.00761257,1.75273e+02,3.07958e-07
12400,0.23803,3.79774e-03,7.48047e+01,4.89507e-01,9.58870e-01,8.69780e-02,0.00654380,1.76468e+02,3.45264e-07
12500,0.24746,4.11881e-03,5.32136e+01,4.92108e-01,1.05408e+00,1.48597e-01,0.00924779,1.77660e+02,-3.05446e-08
12600,0.31578,6.74759e-03,5.41727e+01,4.38278e-01,1.10584e+00,1.26322e-01,0.00809038,1.78848e+02,1.89471e-06
12700,0.16951,1.93553e-03,6.50168e+01,3.39402e-01,8.73584e-01,6.57623e-02,0.00522022,1.80034e+02,5.67002e-07
12800,0.21005,2.96611e-03,5.36812e+01,3.31666e-01,7.65434e-01,9.62758e-02,0.00617843,1.81216e+02,-2.36845e-07
12900,0.16475,1.79825e-03,6.16168e+01,3.18592e-01,7.14156e-01,1.13487e-01,0.00517054,1.82394e+02,2.25546e-07
13000,0.21324,3.03204e-03,6.86580e+01,4.02403e-01,7.29085e-01,1.07305e-01,0.00586098,1.83569e+02,-1.05635e-07
13100,0.20480,2.84112e-03,6.32274e+01,5.22387e-01,8.26593e-01,1.20098e-01,0.00826202,1.84741e+02,-4.27120e-07
13200,0.38567,9.97794e-03,5.99035e+01,4.96828e-01,8.53048e-01,1.32464e-01,0.00829381,1.85909e+02,5.39734e-08
13300,0.13765,1.26928e-03,6.00638e+01,3.57487e-01,9.19890e-01,1.15869e-01,0.00595179,1.87074e+02,5.58600e-07
13400,0.18532,2.28949e-03,5.48059e+01,3.30710e-01,7.43180e-01,1.13796e-01,0.00603420,1.88236e+02,-1.38279e-07
13500,0.26407,4.66724e-03,5.10046e+01,3.47123e-01,6.98262e-01,1.01011e-01,0.00680572,1.89395e+02,3.46794e-08
13600,0.18179,2.21001e-03,5.50969e+01,3.54902e-01,6.37563e-01,9.59181e-02,0.00644142,1.90550e+02,4.15730e-07
13700,0.20367,2.75499e-03,5.66631e+01,4.13371e-01,5.84119e-01,1.43865e-01,0.00729523,1.91702e+02,4.54004e-08
13800,0.22152,3.25785e-03,5.62413e+01,4.71556e-01,6.54946e-01,1.97058e-01,0.00838452,1.92851e+02,2.09522e-07
13900,0.18340,2.21290e-03,6.38994e+01,4.60802e-01,6.91139e-01,1.07247e-01,0.00721137,1.93998e+02,-2.57891e-07
14000,0.20542,2.83681e-03,5.20328e+01,4.17490e-01,7.27171e-01,1.41846e-01,0.00802360,1.95141e+02,4.92996e-07
14100,0.25609,4.34420e-03,4.73894e+01,3.16486e-01,6.47679e-01,1.49432e-01,0.00667843,1.96280e+02,-1.78677e-08
14200,0.20153,2.68854e-03,6.05632e+01,2.64709e-01,6.96149e-01,1.01111e-01,0.00437078,1.97417e+02,6.68456e-08
14300,0.14813,1.41874e-03,5.26370e+01,3.78282e-01,6.58788e-01,1.14654e-01,0.00718663,1.98549e+02,5.65619e-07
14400,0.31386,6.51005e-03,4.89546e+01,4.81160e-01,6.86443e-01,1.37403e-01,0.00982869,1.99679e+02,1.65508e-07
14500,0.12631,1.02012e-03,6.85656e+01,4.01504e-01,6.41779e-01,1.49638e-01,0.00585577,2.00806e+02,-7.73398e-08
14600,0.22087,3.21774e-03,5.84595e+01,4.03757e-01,6.22786e-01,1.72705e-01,0.00690660,2.01930e+02,1.44596e-07
14700,0.26835,4.74929e-03,4.14440e+01,4.44312e-01,6.31281e-01,1.57592e-01,0.01072079,2.03051e+02,1.10947e-07
14800,0.21836,3.12120e-03,5.43354e+01,3.37027e-01,5.84110e-01,1.51823e-01,0.00620271,2.04169e+02,2.09182e-07
14900,0.15809,1.64941e-03,6.23744e+01,2.63433e-01,5.70529e-01,1.07656e-01,0.00422342,2.05283e+02,3.38208e-08
15000,0.20195,2.68430e-03,5.17542e+01,3.45194e-01,5.90564e-01,1.73963e-01,0.00666989,2.06395e+02,-2.17062e-07
15100,0.21288,2.95103e-03,6.09022e+01,4.35749e-01,6.35338e-01,1.00996e-01,0.00715491,2.07503e+02,5.79466e-07
15200,0.18116,2.10892e-03,7.27200e+01,4.36737e-01,7.26053e-01,1.23668e-01,0.00600573,2.08608e+02,1.80832e-07
15300,0.24889,4.07029e-03,5.58425e+01,3.89010e-01,7.36123e-01,1.78995e-01,0.00696621,2.09710e+02,1.51288e-07
15400,0.18854,2.29106e-03,4.45305e+01,3.55328e-01,6.36726e-01,1.60096e-01,0.00797943,2.10809e+02,2.80745e-07
15500,0.18688,2.24788e-03,5.80191e+01,3.27521e-01,6.19088e-01,1.28487e-01,0.00564505,2.11905e+02,1.09031e-07
15600,0.17705,2.03926e-03,4.86462e+01,3.50164e-01,6.05992e-01,1.47656e-01,0.00719818,2.12998e+02,2.86252e-07
15700,0.14100,1.29219e-03,4.63675e+01,3.44647e-01,5.16245e-01,1.83942e-01,0.00743295,2.14087e+02,2.90741e-07
15800,0.18570,2.22391e-03,6.27715e+01,3.66156e-01,5.26426e-01,1.90185e-01,0.00583316,2.15174e+02,-3.94033e-07
15900,0.21087,2.89905e-03,6.00138e+01,4.30486e-01,5.48035e-01,1.58304e-01,0.00717311,2.16258e+02,2.43401e-07
16000,0.18043,2.09228e-03,5.10400e+01,4.37202e-01,5.34909e-01,2.04172e-01,0.00856589,2.17340e+02,-2.46174e-08
16100,0.20388,2.71175e-03,5.14266e+01,3.44503e-01,5.54797e-01,1.89276e-01,0.00669893,2.18417e+02,1.84518e-07
16200,0.17010,1.88890e-03,4.61181e+01,2.89842e-01,5.81002e-01,1.77963e-01,0.00628478,2.19492e+02,5.10297e-07
16300,0.23381,3.53216e-03,4.79842e+01,3.34037e-01,7.80482e-01,1.30438e-01,0.00696138,2.20564e+02,2.33995e-07
16400,0.28264,5.11423e-03,4.41105e+01,3.97065e-01,8.28831e-01,1.52560e-01,0.00900161,2.21632e+02,-5.38388e-08
16500,0.22592,3.30085e-03,4.83133e+01,3.66257e-01,7.24382e-01,2.12684e-01,0.00758087,2.22698e+02,9.64318e-08
16600,0.16826,1.83426e-03,5.59666e+01,3.57216e-01,6.33830e-01,2.35728e-01,0.00638268,2.23761e+02,-8.53671e-08
16700,0.30757,6.09263e-03,5.21440e+01,3.87699e-01,6.10211e-01,1.78048e-01,0.00743517,2.24821e+02,-3.07123e-08
16800,0.23940,3.70968e-03,4.33073e+01,3.94262e-01,5.58173e-01,1.77579e-01,0.00910383,2.25878e+02,-7.07395e-09
16900,0.16376,1.72988e-03,4.61332e+01,3.12781e-01,5.14752e-01,2.55544e-01,0.00677994,2.26933e+02,1.24854e-07
17000,0.13866,1.23303e-03,5.06616e+01,2.83321e-01,5.09930e-01,2.42130e-01,0.00559241,2.27984e+02,-1.38652e-07
17100,0.17847,2.02345e-03,5.15936e+01,3.54185e-01,5.27551e-01,1.67836e-01,0.00686490,2.29032e+02,1.58181e-07
17200,0.21554,2.88295e-03,4.87708e+01,4.31220e-01,5.85247e-01,1.72179e-01,0.00884176,2.30077e+02,2.92954e-07
17300,0.21199,2.87065e-03,5.93654e+01,3.55198e-01,6.66240e-01,2.17608e-01,0.00598325,2.31120e+02,2.63493e-07
17400,0.17834,2.00433e-03,5.50423e+01,3.15999e-01,6.52536e-01,2.29048e-01,0.00574101,2.32160e+02,5.28533e-08
17500,0.25634,4.22808e-03,4.41603e+01,3.53869e-01,6.82675e-01,1.88739e-01,0.00801328,2.33196e+02,-2.44451e-07
17600,0.27568,4.83307e-03,5.36543e+01,3.44531e-01,6.42496e-01,1.45270e-01,0.00642131,2.34229e+02,-8.51737e-08
17700,0.16320,1.68774e-03,5.54509e+01,2.93173e-01,5.54329e-01,1.56690e-01,0.00528707,2.35260e+02,2.12943e-07
17800,0.14068,1.25625e-03,4.02728e+01,3.29647e-01,5.13859e-01,2.70608e-01,0.00818534,2.36288e+02,-1.27403e-07
17900,0.21918,3.03909e-03,5.09105e+01,3.64288e-01,5.16478e-01,2.77058e-01,0.00715546,2.37313e+02,1.43301e-07
18000,0.19551,2.42556e-03,5.60503e+01,3.85154e-01,5.38064e-01,1.92040e-01,0.00687158,2.38336e+02,1.10642e-07
18100,0.16232,1.63842e-03,4.87547e+01,3.57299e-01,5.24952e-01,3.01523e-01,0.00732850,2.39355e+02,1.31997e-07
18200,0.17132,1.85119e-03,4.91878e+01,3.04438e-01,5.19579e-01,3.01976e-01,0.00618930,2.40372e+02,1.67161e-07
18300,0.12958,1.04202e-03,5.43942e+01,2.85274e-01,5.07059e-01,2.23719e-01,0.00524457,2.41386e+02,4.77866e-08
18400,0.23534,3.49284e-03,4.97957e+01,3.52743e-01,5.56442e-01,1.79755e-01,0.00708380,2.42397e+02,-1.55949e-08
18500,0.24982,3.88594e-03,4.03493e+01,3.57079e-01,5.66686e-01,2.54109e-01,0.00884969,2.43405e+02,-1.86823e-07
18600,0.14983,1.36678e-03,4.28975e+01,3.22860e-01,5.34779e-01,2.94412e-01,0.00752632,2.44411e+02,-9.20121e-08
18700,0.18932,2.24366e-03,5.43221e+01,3.37695e-01,5.32873e-01,2.65822e-01,0.00621654,2.45414e+02,-2.23892e-07
18800,0.23661,3.48656e-03,4.77594e+01,3.76356e-01,5.61191e-01,1.95561e-01,0.00788024,2.46414e+02,7.32375e-08
18900,0.20568,2.64828e-03,4.56596e+01,3.34106e-01,5.11385e-01,2.17862e-01,0.00731732,2.47412e+02,-8.31169e-08
19000,0.16208,1.63748e-03,5.19522e+01,2.83769e-01,4.84059e-01,3.01566e-01,0.00546211,2.48406e+02,-1.71558e-07
19100,0.13961,1.21044e-03,5.16577e+01,2.96127e-01,4.61063e-01,2.76562e-01,0.00573250,2.49398e+02,6.42476e-08
19200,0.18202,2.04317e-03,4.56363e+01,3.67352e-01,4.56810e-01,2.03180e-01,0.00804956,2.50387e+02,-2.40636e-08
19300,0.25091,3.87695e-03,4.34195e+01,3.75267e-01,4.87249e-01,2.54171e-01,0.00864280,2.51373e+02,1.22740e-07
19400,0.18546,2.10591e-03,4.95468e+01,3.12861e-01,5.10510e-01,2.91838e-01,0.00631445,2.52357e+02,-1.54108e-07
19500,0.13826,1.14880e-03,5.23015e+01,3.05112e-01,4.83009e-01,2.82115e-01,0.00583371,2.53338e+02,-1.71071e-07
19600,0.23362,3.39933e-03,4.63735e+01,3.49176e-01,5.53258e-01,2.47170e-01,0.00752964,2.54316e+02,-2.30527e-07
19700,0.20623,2.62959e-03,5.16978e+01,3.16476e-01,5.26935e-01,2.17929e-01,0.00612165,2.55292e+02,-1.39292e-07
19800,0.12213,8.98021e-04,4.94455e+01,2.84201e-01,4.56676e-01,3.08979e-01,0.00574776,2.56265e+02,-7.86476e-08
19900,0.16912,1.72416e-03,3.56557e+01,3.27201e-01,4.64939e-01,4.41450e-01,0.00917670,2.57237e+02,-7.97329e-07
20000,0.21657,2.84112e-03,3.98497e+01,3.64878e-01,4.85177e-01,3.49898e-01,0.00915635,2.58205e+02,-5.55871e-07
20100,0.20098,2.48770e-03,4.73008e+01,3.43677e-01,4.78212e-01,2.79911e-01,0.00726578,2.59170e+02,-3.03376e-07
20200,0.18175,2.00144e-03,4.47207e+01,3.10275e-01,5.00445e-01,3.82848e-01,0.00693807,2.60133e+02,-7.23912e-07
20300,0.15981,1.55855e-03,5.00201e+01,2.89865e-01,4.85990e-01,2.83073e-01,0.00579498,2.61093e+02,-1.37774e-07
20400,0.15033,1.37598e-03,5.55887e+01,3.05396e-01,5.06329e-01,2.21970e-01,0.00549384,2.62050e+02,-2.66184e-07
20500,0.16409,1.63697e-03,4.84840e+01,3.37759e-01,5.54298e-01,2.37210e-01,0.00696640,2.63004e+02,-1.45239e-07
20600,0.22182,2.94570e-03,3.32195e+01,3.21994e-01,5.80885e-01,3.18126e-01,0.00969294,2.63956e+02,-3.27424e-07
20700,0.14187,1.14784e-03,3.36614e+01,3.14057e-01,5.73252e-01,3.45853e-01,0.00932988,2.64904e+02,-5.70372e-07
20800,0.24562,3.62192e-03,4.61483e+01,3.42573e-01,6.17811e-01,3.07236e-01,0.00742330,2.65851e+02,-1.96299e-06
20900,0.21224,2.69243e-03,4.29239e+01,3.33735e-01,6.57444e-01,2.49791e-01,0.00777505,2.66794e+02,-1.13282e-06
21000,0.20213,2.48105e-03,4.53332e+01,2.92364e-01,5.68379e-01,2.69791e-01,0.00644923,2.67735e+02,-1.28485e-06
21100,0.17757,1.89257e-03,5.52107e+01,2.76781e-01,5.62722e-01,3.30875e-01,0.00501317,2.68673e+02,5.48985e-08
21200,0.17253,1.76761e-03,4.87723e+01,3.10848e-01,5.21667e-01,3.18671e-01,0.00637346,2.69609e+02,-1.68039e-07
21300,0.17514,1.83570e-03,4.17960e+01,3.43972e-01,4.83692e-01,3.23883e-01,0.00822978,2.70543e+02,-7.81929e-07
21400,0.18889,2.13227e-03,3.97431e+01,3.14340e-01,4.78117e-01,4.39080e-01,0.00790929,2.71473e+02,-3.82485e-07
21500,0.15303,1.40166e-03,4.53146e+01,2.80337e-01,4.56206e-01,3.29445e-01,0.00618647,2.72402e+02,-4.28223e-07
21600,0.16491,1.59486e-03,5.36413e+01,2.99841e-01,4.58936e-01,3.23368e-01,0.00558975,2.73327e+02,-1.15180e-06
21700,0.19971,2.38385e-03,4.66069e+01,3.30383e-01,4.92642e-01,3.00849e-01,0.00708872,2.74250e+02,-2.81335e-07
21800,0.21378,2.74375e-03,5.04193e+01,2.85338e-01,4.67531e-01,3.09874e-01,0.00565929,2.75171e+02,-1.83897e-07
21900,0.16012,1.48735e-03,5.46991e+01,2.76593e-01,4.53248e-01,4.00077e-01,0.00505663,2.76089e+02,-3.06097e-07
22000,0.20039,2.29250e-03,3.96189e+01,3.33421e-01,5.10352e-01,4.07242e-01,0.00841572,2.77005e+02,-4.14525e-07
22100,0.19851,2.32062e-03,3.98101e+01,3.28673e-01,5.05906e-01,3.79694e-01,0.00825603,2.77918e+02,-7.35327e-07
22200,0.18888,2.09924e-03,4.88068e+01,2.86445e-01,4.93571e-01,4.15885e-01,0.00586896,2.78829e+02,-1.04409e-06
22300,0.12773,9.28090e-04,4.41433e+01,2.76501e-01,4.89596e-01,4.34141e-01,0.00626371,2.79737e+02,-3.79699e-07
22400,0.14151,1.17693e-03,4.74103e+01,2.92135e-01,4.38440e-01,3.28635e-01,0.00616185,2.80643e+02,-1.14023e-07
22500,0.18507,1.96778e-03,5.10010e+01,3.20898e-01,4.75972e-01,2.85465e-01,0.00629200,2.81546e+02,-3.44885e-07
22600,0.16002,1.41800e-03,4.47833e+01,3.05385e-01,5.16640e-01,4.05822e-01,0.00681918,2.82447e+02,-2.06770e-07
22700,0.16296,1.55857e-03,3.43034e+01,2.92746e-01,4.84633e-01,4.28922e-01,0.00853402,2.83345e+02,-5.11408e-07
22800,0.19334,2.13317e-03,3.74546e+01,2.99201e-01,5.23692e-01,4.25605e-01,0.00798834,2.84241e+02,-7.70176e-07
22900,0.19991,2.30791e-03,4.74429e+01,3.06217e-01,5.70195e-01,3.59601e-01,0.00645444,2.85134e+02,-1.06572e-06
23000,0.21175,2.63073e-03,4.04722e+01,2.89026e-01,5.73395e-01,3.90055e-01,0.00714134,2.86024e+02,-5.63396e-07
23100,0.14006,1.11417e-03,3.56798e+01,2.82026e-01,5.34315e-01,5.42194e-01,0.00790434,2.86912e+02,-2.87660e-07
23200,0.20586,2.40060e-03,4.76414e+01,2.91443e-01,5.13953e-01,4.40611e-01,0.00611742,2.87799e+02,1.98210e-07
23300,0.14272,1.12980e-03,4.04462e+01,3.26360e-01,4.92406e-01,4.50103e-01,0.00806900,2.88682e+02,-3.89646e-07
23400,0.19964,2.29938e-03,3.47724e+01,3.16194e-01,4.83120e-01,4.77341e-01,0.00909325,2.89563e+02,-6.28582e-07
23500,0.18759,1.99311e-03,4.22102e+01,2.61859e-01,5.01987e-01,5.13097e-01,0.00620369,2.90442e+02,-1.04156e-06
23600,0.12187,8.54483e-04,4.62626e+01,2.61385e-01,4.86543e-01,3.99554e-01,0.00565003,2.91318e+02,-8.03375e-07
23700,0.20111,2.32167e-03,4.67731e+01,3.07560e-01,5.12620e-01,3.66940e-01,0.00657557,2.92192e+02,-3.14260e-07
23800,0.15763,1.39516e-03,4.41646e+01,2.92560e-01,5.44467e-01,3.99373e-01,0.00662430,2.93063e+02,-3.35858e-07
23900,0.23107,3.07194e-03,4.44027e+01,2.77920e-01,4.72833e-01,4.66866e-01,0.00625906,2.93932e+02,-5.09070e-08
24000,0.17253,1.60173e-03,5.17166e+01,2.92590e-01,5.07581e-01,5.01649e-01,0.00565756,2.94799e+02,-2.89310e-07
24100,0.23685,3.17705e-03,4.21843e+01,3.11183e-01,5.29493e-01,3.94517e-01,0.00737674,2.95664e+02,-3.51263e-07
24200,0.14960,1.21404e-03,3.79903e+01,2.77316e-01,5.04968e-01,4.48492e-01,0.00729965,2.96526e+02,-9.28383e-07
24300,0.16424,1.52381e-03,4.35885e+01,2.54812e-01,5.00869e-01,5.60099e-01,0.00584585,2.97385e+02,-6.40340e-07
24400,0.15753,1.38172e-03,4.19784e+01,2.61860e-01,5.33503e-01,4.28660e-01,0.00623797,2.98242e+02,-1.07432e-06
24500,0.13305,9.82738e-04,3.92499e+01,3.02257e-01,5.10978e-01,4.78335e-01,0.00770085,2.99097e+02,-7.83539e-07
24600,0.19041,2.05357e-03,4.55843e+01,3.15881e-01,5.50656e-01,4.42734e-01,0.00692960,2.99949e+02,-4.19828e-07
24700,0.16920,1.58292e-03,4.78954e+01,2.76301e-01,5.33370e-01,4.47773e-01,0.00576883,3.00799e+02,-6.14116e-10
24800,0.15318,1.24195e-03,4.11570e+01,2.71794e-01,4.82589e-01,4.33955e-01,0.00660382,3.01647e+02,3.25389e-08
24900,0.21753,2.62466e-03,3.70334e+01,2.92836e-01,5.22655e-01,4.55219e-01,0.00790736,3.02492e+02,-6.72821e-07
25000,0.13722,1.03837e-03,4.37254e+01,2.58309e-01,5.24019e-01,4.49926e-01,0.00590753,3.03336e+02,-4.83411e-07
25100,0.20193,2.28686e-03,3.38929e+01,2.61619e-01,5.19735e-01,5.78589e-01,0.00771898,3.04176e+02,-8.13931e-07
25200,0.19579,2.11762e-03,2.84406e+01,2.88152e-01,5.41284e-01,7.66077e-01,0.01013171,3.05015e+02,-3.97902e-07
25300,0.20928,2.43661e-03,4.58724e+01,3.01953e-01,5.65522e-01,5.39296e-01,0.00658246,3.05852e+02,-2.58147e-07
25400,0.16221,1.43515e-03,4.81582e+01,2.95496e-01,5.25000e-01,5.16861e-01,0.00613594,3.06686e+02,1.53132e-07
25500,0.16638,1.52560e-03,3.81634e+01,2.74786e-01,4.99227e-01,6.41807e-01,0.00720024,3.07518e+02,-2.24204e-07
25600,0.16577,1.49375e-03,4.48963e+01,2.34901e-01,4.67354e-01,4.49492e-01,0.00523208,3.08348e+02,-2.97535e-07
25700,0.12245,7.69595e-04,4.59125e+01,2.52439e-01,4.54819e-01,4.39902e-01,0.00549825,3.09175e+02,-2.28162e-07
25800,0.21295,2.49254e-03,3.80096e+01,2.90741e-01,5.08141e-01,4.94531e-01,0.00764916,3.10000e+02,-4.68433e-07
25900,0.11128,6.80645e-04,3.41959e+01,2.75395e-01,5.27835e-01,5.38890e-01,0.00805344,3.10823e+02,-5.93726e-08
26000,0.17634,1.71411e-03,4.31119e+01,2.76741e-01,5.10422e-01,5.66706e-01,0.00641913,3.11643e+02,-1.02959e-07
26100,0.23563,2.99109e-03,5.07401e+01,3.01299e-01,5.67612e-01,5.26445e-01,0.00593809,3.12461e+02,1.01484e-07
26200,0.15431,1.22444e-03,4.19583e+01,2.72756e-01,5.91816e-01,4.44086e-01,0.00650065,3.13277e+02,6.69740e-08
26300,0.16856,1.55501e-03,4.01347e+01,2.33717e-01,5.40271e-01,5.05848e-01,0.00582332,3.14091e+02,-1.85296e-07
26400,0.15375,1.25659e-03,4.26912e+01,2.35161e-01,5.61887e-01,6.80289e-01,0.00550842,3.14902e+02,-1.01178e-06
26500,0.17301,1.54138e-03,3.44160e+01,2.66004e-01,5.61497e-01,5.78110e-01,0.00772910,3.15712e+02,-7.46755e-07
26600,0.16982,1.53610e-03,3.86064e+01,2.89987e-01,5.71105e-01,6.02969e-01,0.00751138,3.16519e+02,-7.67720e-07
26700,0.19760,2.04665e-03,4.67196e+01,2.89847e-01,6.07226e-01,6.45354e-01,0.00620398,3.17323e+02,2.83984e-08
26800,0.12834,8.93659e-04,4.77746e+01,2.63941e-01,5.65419e-01,5.11465e-01,0.00552472,3.18126e+02,3.11897e-07
26900,0.17867,1.68291e-03,4.70111e+01,2.59891e-01,5.14823e-01,4.33468e-01,0.00552830,3.18927e+02,5.36977e-09
27000,0.23660,3.04044e-03,3.83337e+01,2.58584e-01,5.41714e-01,4.56862e-01,0.00674559,3.19725e+02,-1.09579e-07
27100,0.11811,6.95742e-04,3.54596e+01,2.28066e-01,5.01762e-01,5.08904e-01,0.00643172,3.20521e+02,-4.54595e-07
27200,0.20582,2.29911e-03,3.19336e+01,2.51822e-01,5.02959e-01,6.43747e-01,0.00788579,3.21314e+02,-6.70915e-07
27300,0.16453,1.39125e-03,2.67616e+01,2.94811e-01,5.75071e-01,7.40636e-01,0.01101620,3.22106e+02,-6.97094e-07
27400,0.16329,1.40394e-03,4.17260e+01,2.93731e-01,5.41583e-01,5.80494e-01,0.00703952,3.22896e+02,-5.28367e-07
27500,0.15174,1.16103e-03,4.74603e+01,2.71570e-01,5.20686e-01,6.07544e-01,0.00572204,3.23683e+02,-6.92570e-08
27600,0.17753,1.65992e-03,3.55381e+01,2.49861e-01,5.34840e-01,6.83389e-01,0.00703080,3.24469e+02,-1.81289e-08
27700,0.14259,1.04153e-03,3.91495e+01,2.27396e-01,4.84150e-01,5.42101e-01,0.00580839,3.25252e+02,-1.86595e-07
27800,0.19435,1.96015e-03,4.07162e+01,2.39524e-01,4.85185e-01,5.98071e-01,0.00588276,3.26033e+02,-5.74948e-08
27900,0.21069,2.33510e-03,3.22080e+01,2.57367e-01,5.17983e-01,7.02041e-01,0.00799078,3.26812e+02,-2.59782e-07
28000,0.13254,9.27072e-04,3.16907e+01,2.66695e-01,5.21316e-01,7.20446e-01,0.00841555,3.27589e+02,-2.16570e-07
28100,0.18022,1.65441e-03,4.32715e+01,2.86823e-01,5.15834e-01,6.82562e-01,0.00662847,3.28364e+02,-1.38154e-07
28200,0.17115,1.51384e-03,5.25692e+01,2.78424e-01,5.75705e-01,5.94368e-01,0.00529633,3.29137e+02,2.36621e-07
28300,0.16047,1.30621e-03,4.26065e+01,2.36116e-01,5.30813e-01,5.79433e-01,0.00554178,3.29908e+02,2.55007e-07
28400,0.16378,1.39456e-03,3.67918e+01,2.18345e-01,5.11302e-01,6.47441e-01,0.00593460,3.30676e+02,1.42928e-07
28500,0.14730,1.11412e-03,4.45963e+01,2.18305e-01,5.33273e-01,6.67640e-01,0.00489513,3.31442e+02,-2.55329e-08
28600,0.15860,1.26731e-03,3.62414e+01,2.51655e-01,5.35155e-01,6.52865e-01,0.00694385,3.32206e+02,-2.32903e-07
28700,0.16610,1.35636e-03,3.51170e+01,2.75919e-01,5.79614e-01,7.59681e-01,0.00785714,3.32968e+02,-1.93940e-07
28800,0.16512,1.40608e-03,4.68502e+01,2.68897e-01,6.26071e-01,7.71683e-01,0.00573951,3.33728e+02,-1.84433e-07
28900,0.18388,1.71618e-03,4.56567e+01,2.62549e-01,6.35984e-01,6.63313e-01,0.00575051,3.34487e+02,3.37100e-08
29000,0.21199,2.21772e-03,4.04692e+01,2.50314e-01,6.37717e-01,6.28235e-01,0.00618528,3.35243e+02,2.02984e-07
29100,0.16282,1.34984e-03,3.76268e+01,2.10468e-01,6.10635e-01,6.04622e-01,0.00559358,3.35997e+02,1.91397e-07
29200,0.11590,6.75975e-04,3.46614e+01,2.06034e-01,5.45593e-01,6.71837e-01,0.00594420,3.36748e+02,8.83653e-08
29300,0.18556,1.77838e-03,3.27813e+01,2.49232e-01,5.50746e-01,7.73545e-01,0.00760288,3.37498e+02,3.15738e-09
29400,0.15801,1.24224e-03,3.13474e+01,2.75976e-01,5.90996e-01,8.51251e-01,0.00880379,3.38246e+02,-7.36556e-09
29500,0.15220,1.15559e-03,3.98570e+01,2.72692e-01,5.76878e-01,8.21553e-01,0.00684177,3.38991e+02,-2.75403e-07
29600,0.16844,1.39495e-03,4.03408e+01,2.64096e-01,5.82762e-01,8.53759e-01,0.00654662,3.39735e+02,1.23505e-07
29700,0.13873,9.20638e-04,3.33457e+01,2.34962e-01,5.81553e-01,6.48865e-01,0.00704626,3.40477e+02,-5.02573e-08
29800,0.15227,1.13547e-03,3.77194e+01,2.10745e-01,5.01760e-01,5.97768e-01,0.00558719,3.41217e+02,-1.93148e-07
29900,0.15837,1.26352e-03,4.07986e+01,2.12791e-01,4.87985e-01,7.21907e-01,0.00521565,3.41954e+02,-1.37702e-07
30000,0.14585,1.06210e-03,3.48323e+01,2.30115e-01,5.21549e-01,7.43843e-01,0.00660638,3.42689e+02,-2.29150e-07
30100,0.11731,6.73745e-04,3.25961e+01,2.64262e-01,5.34848e-01,8.23381e-01,0.00810716,3.43423e+02,-6.25296e-08
30200,0.23133,2.58902e-03,3.99370e+01,2.90211e-01,5.94777e-01,8.79922e-01,0.00726672,3.44155e+02,2.00033e-08
30300,0.16784,1.37489e-03,4.60181e+01,2.53054e-01,6.01807e-01,7.66663e-01,0.00549900,3.44884e+02,5.02999e-08
30400,0.12162,6.80062e-04,3.53396e+01,2.16875e-01,5.46463e-01,7.73989e-01,0.00613687,3.45613e+02,-8.65926e-08
30500,0.20823,2.10851e-03,3.52128e+01,2.09102e-01,5.19607e-01,7.01032e-01,0.00593823,3.46338e+02,-2.13471e-07
30600,0.11241,6.11221e-04,4.55353e+01,2.02822e-01,5.17775e-01,6.67220e-01,0.00445418,3.47062e+02,-3.53815e-07
30700,0.14357,9.93076e-04,3.71253e+01,2.27412e-01,5.11638e-01,7.72414e-01,0.00612553,3.47784e+02,-3.73659e-07
30800,0.19298,1.83544e-03,3.26985e+01,2.63463e-01,5.87835e-01,1.04451e+00,0.00805734,3.48504e+02,-3.41148e-07
30900,0.15880,1.19379e-03,4.32209e+01,2.66883e-01,6.30707e-01,8.70628e-01,0.00617485,3.49222e+02,-2.59152e-07
31000,0.16520,1.26666e-03,4.33698e+01,2.57223e-01,6.32018e-01,7.39895e-01,0.00593091,3.49938e+02,9.09549e-10
31100,0.22806,2.50532e-03,3.93915e+01,2.23074e-01,6.20970e-01,7.42175e-01,0.00566299,3.50652e+02,-6.74064e-08
31200,0.14531,1.03479e-03,3.79206e+01,1.85416e-01,5.82141e-01,6.14226e-01,0.00488958,3.51365e+02,-2.29446e-08
31300,0.13003,8.14170e-04,4.13511e+01,1.93536e-01,5.30453e-01,6.31778e-01,0.00468032,3.52074e+02,-1.18208e-07
31400,0.20922,2.16218e-03,3.84643e+01,2.41049e-01,5.87965e-01,8.14866e-01,0.00626682,3.52782e+02,-1.65929e-07
31500,0.13843,9.01387e-04,3.12640e+01,2.56493e-01,6.64351e-01,9.27180e-01,0.00820409,3.53488e+02,-1.01561e-07
31600,0.17200,1.41044e-03,3.78499e+01,2.58126e-01,6.60069e-01,1.04651e+00,0.00681974,3.54192e+02,-3.96737e-07
31700,0.15213,1.14061e-03,3.68642e+01,2.55434e-01,7.00700e-01,9.28266e-01,0.00692907,3.54895e+02,-1.38628e-07
31800,0.17173,1.38191e-03,2.82102e+01,2.21333e-01,6.80951e-01,6.60040e-01,0.00784583,3.55596e+02,1.12077e-08
31900,0.12713,7.50314e-04,4.01984e+01,1.85433e-01,6.13296e-01,5.97037e-01,0.00461294,3.56294e+02,-3.21403e-08
32000,0.19617,1.85169e-03,4.11440e+01,1.93719e-01,5.99000e-01,7.40315e-01,0.00470832,3.56990e+02,-7.63593e-09
32100,0.13091,7.96848e-04,3.22515e+01,2.24655e-01,5.98617e-01,7.91112e-01,0.00696571,3.57685e+02,-1.63733e-07
32200,0.19434,1.77677e-03,3.55355e+01,2.64798e-01,6.35845e-01,9.50076e-01,0.00745164,3.58378e+02,-4.18377e-07
32300,0.19034,1.63691e-03,3.87888e+01,2.70110e-01,6.91755e-01,1.09757e+00,0.00696361,3.59069e+02,-4.44985e-08
32400,0.14779,1.01880e-03,3.88674e+01,2.31600e-01,6.90677e-01,9.63615e-01,0.00595872,3.59758e+02,-1.38316e-07
32500,0.16543,1.27323e-03,3.28830e+01,2.03389e-01,6.11170e-01,9.05903e-01,0.00618522,3.60446e+02,-1.61714e-08
32600,0.18856,1.71625e-03,3.16720e+01,1.97835e-01,5.89153e-01,8.05582e-01,0.00624637,3.61131e+02,-1.72375e-07
32700,0.13420,8.47256e-04,4.34022e+01,1.85350e-01,5.48460e-01,7.30490e-01,0.00427053,3.61815e+02,-2.30698e-07
32800,0.15992,1.16062e-03,3.55236e+01,2.18191e-01,5.66466e-01,9.08928e-01,0.00614214,3.62496e+02,-2.99037e-07
32900,0.22168,2.31774e-03,2.91324e+01,2.62491e-01,6.46781e-01,1.06723e+00,0.00901028,3.63176e+02,-9.12392e-07
33000,0.13195,7.64710e-04,4.27658e+01,2.60454e-01,7.25072e-01,9.70712e-01,0.00609024,3.63854e+02,-5.58714e-07
33100,0.25411,2.93766e-03,4.38620e+01,2.31486e-01,7.16661e-01,9.19547e-01,0.00527759,3.64531e+02,-4.71253e-07
33200,0.17739,1.48355e-03,3.96910e+01,1.90051e-01,6.76022e-01,8.71542e-01,0.00478826,3.65205e+02,-1.22272e-07
33300,0.11899,6.44696e-04,4.25210e+01,1.65513e-01,5.90296e-01,6.28299e-01,0.00389250,3.65878e+02,-1.40535e-07
33400,0.15905,1.17711e-03,4.15767e+01,1.93351e-01,5.73757e-01,6.70501e-01,0.00465047,3.66548e+02,-1.36926e-07
33500,0.14926,9.90250e-04,3.73677e+01,2.26299e-01,6.15333e-01,9.90495e-01,0.00605599,3.67216e+02,-3.78111e-07
33600,0.15237,1.07582e-03,2.95184e+01,2.44978e-01,6.61016e-01,1.13292e+00,0.00829917,3.67883e+02,-4.24646e-07
33700,0.20177,1.81903e-03,3.19403e+01,2.56768e-01,6.97089e-01,1.22143e+00,0.00803900,3.68549e+02,-2.91433e-07
33800,0.21218,2.11570e-03,3.56607e+01,2.42155e-01,7.39394e-01,1.00842e+00,0.00679053,3.69213e+02,-2.80758e-07
33900,0.12985,6.99097e-04,2.99912e+01,1.95283e-01,7.08284e-01,8.19564e-01,0.00651134,3.69874e+02,-9.86401e-08
34000,0.16468,1.19493e-03,3.73738e+01,1.65918e-01,6.28520e-01,7.88293e-01,0.00443943,3.70534e+02,-1.53266e-07
34100,0.21510,2.13344e-03,4.12582e+01,1.83205e-01,6.15148e-01,8.06777e-01,0.00444045,3.71192e+02,1.54261e-08
34200,0.17780,1.41379e-03,3.14370e+01,2.25244e-01,6.51050e-01,9.36908e-01,0.00716494,3.71848e+02,-1.79478e-07
34300,0.17268,1.36737e-03,3.35821e+01,2.57048e-01,7.18755e-01,1.12859e+00,0.00765431,3.72502e+02,7.06482e-08
34400,0.17850,1.39203e-03,3.87832e+01,2.44696e-01,7.60869e-01,1.27195e+00,0.00630934,3.73155e+02,1.58651e-08
34500,0.14481,9.22950e-04,3.50551e+01,2.15720e-01,7.56947e-01,1.05983e+00,0.00615373,3.73806e+02,-2.35897e-08
34600,0.16407,1.14415e-03,3.06967e+01,1.95851e-01,7.00936e-01,8.42512e-01,0.00638018,3.74456e+02,-1.58473e-07
34700,0.19361,1.63662e-03,3.49944e+01,1.74289e-01,6.63439e-01,8.61927e-01,0.00498046,3.75103e+02,-2.44791e-07
34800,0.12789,7.31674e-04,4.29881e+01,1.68993e-01,6.40322e-01,8.41932e-01,0.00393115,3.75750e+02,-2.25661e-07
34900,0.16114,1.09813e-03,3.33296e+01,2.14099e-01,7.03694e-01,1.03466e+00,0.00642368,3.76393e+02,3.10160e-08
35000,0.20085,1.81020e-03,2.88613e+01,2.56277e-01,8.17768e-01,1.12268e+00,0.00887962,3.77035e+02,-9.88430e-08
35100,0.16714,1.21176e-03,4.21817e+01,2.45245e-01,8.83149e-01,1.04769e+00,0.00581402,3.77676e+02,-1.13160e-07
35200,0.16044,1.09212e-03,4.28739e+01,2.03651e-01,8.23647e-01,1.02712e+00,0.00475000,3.78315e+02,2.66508e-07
35300,0.15406,1.05859e-03,3.49694e+01,1.73277e-01,7.33833e-01,8.88488e-01,0.00495509,3.78953e+02,-2.04649e-07
35400,0.16626,1.18192e-03,3.59783e+01,1.66263e-01,6.39070e-01,7.43365e-01,0.00462122,3.79588e+02,-2.72686e-07
35500,0.15697,1.02362e-03,4.01375e+01,1.87295e-01,6.24664e-01,8.18119e-01,0.00466634,3.80221e+02,-2.43838e-07
35600,0.14483,9.22206e-04,3.59702e+01,2.10739e-01,6.49879e-01,1.24260e+00,0.00585872,3.80853e+02,-4.02620e-07
35700,0.17209,1.25532e-03,2.86084e+01,2.37815e-01,6.98679e-01,1.43746e+00,0.00831276,3.81483e+02,-2.85240e-07
35800,0.17721,1.35503e-03,3.62611e+01,2.45721e-01,7.81175e-01,1.31283e+00,0.00677643,3.82112e+02,-3.67636e-07
35900,0.15856,1.11340e-03,3.57957e+01,2.17168e-01,7.62326e-01,1.18228e+00,0.00606686,3.82740e+02,-2.98988e-07
36000,0.14497,8.81811e-04,2.91862e+01,1.70517e-01,6.79931e-01,1.02257e+00,0.00584240,3.83366e+02,-2.49626e-07
36100,0.13888,8.18825e-04,3.94560e+01,1.51977e-01,6.17023e-01,8.73115e-01,0.00385180,3.83989e+02,-3.48366e-07
36200,0.19062,1.57859e-03,3.82732e+01,1.82045e-01,6.31478e-01,9.08374e-01,0.00475648,3.84611e+02,-2.44954e-07
36300,0.24283,2.51681e-03,2.89236e+01,2.22625e-01,6.97140e-01,1.15809e+00,0.00769703,3.85230e+02,-1.02828e-07
36400,0.16101,1.12951e-03,3.58333e+01,2.34413e-01,8.05017e-01,1.36141e+00,0.00654176,3.85849e+02,-2.82840e-07
36500,0.14148,8.43243e-04,3.59651e+01,2.26081e-01,8.56016e-01,1.34140e+00,0.00628612,3.86466e+02,1.16494e-08
36600,0.20208,1.70173e-03,3.26832e+01,2.04135e-01,8.49700e-01,1.06495e+00,0.00624587,3.87082e+02,-1.96107e-07
36700,0.18690,1.46633e-03,3.18190e+01,1.77660e-01,8.11421e-01,8.21905e-01,0.00558346,3.87695e+02,-1.22813e-07
36800,0.14310,8.91985e-04,3.63951e+01,1.52655e-01,7.42383e-01,8.95498e-01,0.00419439,3.88306e+02,-5.14059e-08
36900,0.14463,8.95257e-04,4.24601e+01,1.63227e-01,7.26553e-01,1.07336e+00,0.00384424,3.88916e+02,-2.15766e-07
37000,0.16539,1.11414e-03,3.02926e+01,2.15966e-01,8.25821e-01,1.24876e+00,0.00712932,3.89524e+02,-1.22260e-07
37100,0.18182,1.34947e-03,2.94076e+01,2.46740e-01,9.48678e-01,1.32595e+00,0.00839035,3.90131e+02,1.66937e-07
37200,0.15735,1.02815e-03,4.29326e+01,2.20824e-01,9.63131e-01,1.34285e+00,0.00514350,3.90736e+02,9.22615e-08
37300,0.16561,1.11546e-03,3.30157e+01,1.86080e-01,9.24141e-01,1.24284e+00,0.00563610,3.91340e+02,1.66502e-07
37400,0.15398,1.01447e-03,3.09031e+01,1.63991e-01,7.95659e-01,9.18749e-01,0.00530662,3.91942e+02,-7.68370e-09
37500,0.17036,1.19796e-03,4.05948e+01,1.60299e-01,7.34494e-01,7.85562e-01,0.00394876,3.92542e+02,-1.33833e-07
37600,0.16377,1.12343e-03,4.07718e+01,1.73212e-01,7.04690e-01,9.51406e-01,0.00424832,3.93140e+02,-3.91051e-08
37700,0.13355,7.20281e-04,3.70666e+01,2.00768e-01,7.52314e-01,1.32487e+00,0.00541641,3.93736e+02,-3.08469e-07
37800,0.17273,1.21946e-03,3.08934e+01,2.32872e-01,8.31361e-01,1.55724e+00,0.00753792,3.94332e+02,4.21282e-09
37900,0.20058,1.61204e-03,3.52493e+01,2.30624e-01,8.67630e-01,1.34989e+00,0.00654266,3.94927e+02,2.22193e-07
38000,0.19376,1.59203e-03,3.66937e+01,1.86945e-01,8.30526e-01,1.20467e+00,0.00509474,3.95519e+02,3.91222e-09
38100,0.15258,9.40954e-04,2.64848e+01,1.53447e-01,7.00395e-01,1.19160e+00,0.00579378,3.96110e+02,-1.55673e-07
38200,0.12773,6.71543e-04,3.54639e+01,1.50987e-01,6.60288e-01,1.03583e+00,0.00425747,3.96699e+02,-1.95047e-07
38300,0.15887,1.03994e-03,3.70911e+01,1.81952e-01,6.60401e-01,1.07521e+00,0.00490555,3.97286e+02,4.46673e-08
38400,0.19818,1.57602e-03,2.67790e+01,2.14912e-01,7.43721e-01,1.47295e+00,0.00802539,3.97872e+02,-1.82259e-08
38500,0.18529,1.41721e-03,3.65984e+01,2.20457e-01,8.36877e-01,1.65209e+00,0.00602368,3.98457e+02,7.25244e-08
38600,0.16789,1.11782e-03,3.66078e+01,2.12324e-01,9.42470e-01,1.39104e+00,0.00579996,3.99040e+02,1.22062e-07
38700,0.19952,1.59571e-03,2.63172e+01,1.94358e-01,8.82120e-01,1.12268e+00,0.00738519,3.99622e+02,1.71210e-09
38800,0.14296,8.20818e-04,3.44404e+01,1.55663e-01,8.30554e-01,9.10719e-01,0.00451977,4.00202e+02,7.58796e-08
38900,0.16550,1.08005e-03,4.05894e+01,1.36855e-01,7.23220e-01,9.17644e-01,0.00337169,4.00780e+02,-1.54582e-08
39000,0.15895,9.99181e-04,3.62876e+01,1.68149e-01,7.54452e-01,1.17166e+00,0.00463378,4.01355e+02,-6.06958e-08
39100,0.16188,1.08207e-03,2.95726e+01,2.17019e-01,8.60563e-01,1.40380e+00,0.00733850,4.01930e+02,-2.03882e-07
39200,0.18128,1.27263e-03,3.28036e+01,2.26163e-01,9.73858e-01,1.46583e+00,0.00689445,4.02503e+02,-1.61293e-07
39300,0.14704,8.28992e-04,3.90733e+01,1.98548e-01,9.94005e-01,1.50967e+00,0.00508142,4.03075e+02,-2.11132e-07
39400,0.13382,7.17557e-04,3.05870e+01,1.73331e-01,9.36512e-01,1.24136e+00,0.00566682,4.03646e+02,-1.75943e-07
39500,0.17138,1.15071e-03,3.08336e+01,1.55236e-01,8.18936e-01,9.39324e-01,0.00503465,4.04215e+02,-1.57443e-07
39600,0.14133,7.63164e-04,4.25012e+01,1.45746e-01,7.99709e-01,9.18752e-01,0.00342921,4.04782e+02,-1.22836e-07
39700,0.15446,9.46168e-04,3.97575e+01,1.64812e-01,7.82037e-01,1.24795e+00,0.00414543,4.05348e+02,-8.79672e-08
39800,0.16298,1.02834e-03,3.17632e+01,2.01736e-01,9.02598e-01,1.61523e+00,0.00635127,4.05912e+02,-2.79692e-07
39900,0.21227,1.71435e-03,3.17544e+01,2.25696e-01,1.06604e+00,1.64930e+00,0.00710754,4.06475e+02,-4.98435e-07
40000,0.17055,1.15833e-03,3.57833e+01,2.04628e-01,1.09234e+00,1.46880e+00,0.00571853,4.07037e+02,-1.77642e-07
